Brand,Year,Mileage_km,Engine_CC,Fuel_Type,Transmission,Owners,Price_Lakhs
Honda,2018,37217,1800,Petrol,Automatic,3,7.47
Toyota,2015,13308,2000,Diesel,Automatic,4,7.43
Volkswagen,2024,10949,1500,Petrol,Manual,3,9.09
Honda,2022,137222,2200,Diesel,Manual,1,7.98
Audi,2019,105235,2000,Petrol,Automatic,1,9.06
Hyundai,2024,79740,2500,Diesel,Manual,3,10.56
Volkswagen,2016,121352,2000,Hybrid,Automatic,4,5.59
Honda,2018,71617,1400,Petrol,Automatic,2,7.63
Audi,2021,21896,1400,Hybrid,Manual,4,9.05
Honda,2014,135798,2200,Petrol,Manual,2,5.25
Hyundai,2018,143877,1600,Hybrid,Manual,1,5.46
Audi,2022,10237,1500,Diesel,Manual,4,8.39
Ford,2022,25056,2200,Diesel,Manual,2,10.36
Toyota,2019,119548,1800,Diesel,Automatic,3,5.27
BMW,2016,116488,1200,Hybrid,Manual,1,6.54
Tata,2015,139415,1500,Petrol,Automatic,3,5.51
Kia,2019,149572,1500,Petrol,Manual,1,6.67
Tata,2019,34375,1800,Diesel,Automatic,4,7.76
Volkswagen,2014,145734,1800,Diesel,Manual,4,1.0
Tata,2017,21964,1000,Diesel,Manual,1,6.47
Audi,2016,118429,2200,Diesel,Automatic,1,6.78
Ford,2013,72215,1800,Petrol,Automatic,1,4.46
BMW,2019,74042,1400,Diesel,Manual,4,8.06
Toyota,2023,149356,2500,Petrol,Automatic,2,10.77
Toyota,2017,98468,1200,Petrol,Automatic,3,4.18
Hyundai,2013,14435,2200,Petrol,Automatic,3,4.81
Kia,2023,83832,3000,Petrol,Manual,4,9.52
Honda,2016,56293,1400,Petrol,Manual,3,6.12
Ford,2012,83781,1600,Petrol,Automatic,1,5.81
Honda,2023,165196,1800,Diesel,Automatic,2,8.65
BMW,2021,48919,3000,Petrol,Manual,3,8.39
Tata,2017,171319,1800,Petrol,Automatic,2,3.71
Toyota,2024,126172,1500,Petrol,Automatic,1,10.95
BMW,2023,99758,1400,Petrol,Manual,3,9.61
Tata,2020,61573,1500,Petrol,Automatic,4,8.36
Toyota,2012,64101,1000,Petrol,Manual,2,2.45
Tata,2022,31646,1500,Diesel,Automatic,1,11.02
Kia,2022,109185,1000,Diesel,Automatic,2,9.58
Ford,2021,28049,1000,Diesel,Automatic,3,8.22
Volkswagen,2023,103116,3000,Petrol,Manual,3,11.95
BMW,2023,102379,1800,Petrol,Manual,4,6.61
BMW,2014,73385,1600,Hybrid,Manual,1,6.51
Mercedes,2023,131131,1500,Petrol,Manual,1,12.54
Audi,2018,176230,1400,Petrol,Manual,4,3.97
Kia,2015,28289,1000,Petrol,Automatic,4,3.97
Kia,2020,115226,1800,Petrol,Manual,1,7.52
Honda,2014,105793,1200,Petrol,Manual,2,3.12
Tata,2016,14823,2200,Petrol,Automatic,2,8.68
Audi,2014,46975,3000,Diesel,Manual,4,1.84
Ford,2018,14540,1600,Petrol,Automatic,2,9.94
Ford,2016,21364,2000,Diesel,Manual,1,5.52
Kia,2020,140683,3000,Diesel,Automatic,3,7.74
Ford,2018,32663,1200,Diesel,Manual,3,6.0
Mercedes,2013,56991,2200,Diesel,Manual,2,5.46
BMW,2015,109182,1200,Hybrid,Automatic,4,2.99
Hyundai,2020,167049,1500,Petrol,Manual,4,5.55
Volkswagen,2023,99704,1000,Petrol,Automatic,4,10.91
Honda,2013,54115,1600,Petrol,Manual,4,1.0
Tata,2021,96007,2500,Diesel,Manual,4,7.72
Volkswagen,2020,154143,1000,Hybrid,Automatic,2,7.56
Tata,2021,16938,2500,Petrol,Manual,3,9.43
Toyota,2016,171267,2200,Hybrid,Automatic,3,5.6
Volkswagen,2013,96680,1800,Petrol,Automatic,2,3.1
Hyundai,2015,9000,2000,Hybrid,Automatic,4,6.87
Kia,2023,106042,1400,Petrol,Automatic,2,12.08
Mercedes,2023,98610,1000,Petrol,Manual,3,8.67
BMW,2018,108691,1600,Petrol,Manual,1,8.05
BMW,2023,43304,1200,Petrol,Manual,2,8.9
Mercedes,2024,74449,1600,Petrol,Automatic,4,9.18
Audi,2019,87986,2200,Petrol,Automatic,3,8.38
Toyota,2014,156836,2500,Diesel,Manual,3,4.83
Tata,2012,113940,1200,Petrol,Automatic,3,2.19
Hyundai,2015,43494,1400,Petrol,Manual,3,3.78
Ford,2013,8373,1400,Diesel,Automatic,4,3.83
Volkswagen,2019,148233,1000,Diesel,Automatic,1,6.19
Toyota,2015,102532,2200,Petrol,Automatic,3,5.43
Volkswagen,2013,97658,1800,Petrol,Automatic,2,4.91
Hyundai,2017,128633,2200,Petrol,Manual,1,5.54
Honda,2017,105386,2500,Petrol,Manual,3,4.75
Honda,2021,32350,1600,Diesel,Manual,1,10.58
Toyota,2015,98008,1400,Petrol,Manual,2,3.7
Kia,2017,99297,1600,Petrol,Manual,3,4.64
Hyundai,2024,30351,1600,Diesel,Automatic,2,14.72
Hyundai,2013,93668,1600,Petrol,Automatic,4,2.05
Mercedes,2021,119585,1400,Diesel,Automatic,3,8.29
Kia,2023,151377,3000,Petrol,Manual,3,7.88
Tata,2013,80353,1500,Hybrid,Automatic,3,5.15
Tata,2021,70953,2500,Petrol,Automatic,3,8.73
Ford,2015,62458,3000,Diesel,Manual,4,3.67
BMW,2019,25358,2500,Diesel,Automatic,3,10.91
Honda,2018,8267,1200,Petrol,Automatic,1,10.53
Tata,2023,87745,2200,Diesel,Manual,3,8.72
Kia,2020,94588,2200,Hybrid,Automatic,4,6.13
Hyundai,2019,43513,2000,Diesel,Automatic,3,9.5
Tata,2016,162164,2200,Diesel,Manual,1,4.4
Hyundai,2024,16338,1400,Hybrid,Automatic,4,12.64
Tata,2013,136484,1800,Petrol,Automatic,4,1.0
Honda,2016,12543,1000,Petrol,Automatic,1,8.43
Volkswagen,2019,110891,2000,Diesel,Automatic,1,7.32
Tata,2021,169568,1000,Petrol,Manual,1,8.18
Kia,2020,65692,2500,Diesel,Automatic,1,10.27
Tata,2023,49425,1000,Hybrid,Automatic,1,11.17
BMW,2023,43756,1000,Petrol,Manual,4,8.44
Honda,2023,23888,2000,Petrol,Automatic,4,11.02
Kia,2024,171807,1200,Diesel,Automatic,3,9.34
Mercedes,2020,52295,1600,Petrol,Automatic,3,9.44
Kia,2024,119352,2200,Diesel,Manual,2,12.79
BMW,2024,88042,2200,Petrol,Automatic,3,9.24
Volkswagen,2012,90999,1400,Diesel,Manual,3,3.92
Honda,2020,22955,2000,Petrol,Manual,1,9.69
Mercedes,2018,42841,1400,Diesel,Manual,1,7.39
BMW,2020,75640,1800,Petrol,Manual,3,6.07
BMW,2019,170983,1800,Diesel,Automatic,2,7.33
Toyota,2012,143429,1400,Petrol,Automatic,1,4.23
Honda,2023,168551,2000,Diesel,Manual,3,8.28
Kia,2019,66476,1400,Hybrid,Automatic,3,10.19
Hyundai,2019,49811,2200,Petrol,Automatic,4,5.47
Volkswagen,2022,172280,3000,Petrol,Automatic,2,9.29
Hyundai,2014,156222,1500,Petrol,Manual,4,1.0
Kia,2012,76180,1000,Diesel,Automatic,2,3.8
Kia,2019,179358,1500,Diesel,Automatic,1,8.49
Honda,2014,117856,2000,Petrol,Automatic,2,3.9
Kia,2014,73450,1500,Petrol,Manual,3,1.0
Toyota,2012,157424,1800,Petrol,Manual,3,1.19
Mercedes,2022,116888,2500,Diesel,Automatic,2,11.24
Kia,2016,115448,1000,Petrol,Automatic,2,5.49
Hyundai,2021,19397,1600,Hybrid,Automatic,2,12.69
Kia,2018,177627,2000,Petrol,Automatic,4,3.29
Toyota,2021,136800,1000,Diesel,Manual,2,8.57
Tata,2020,124180,1500,Petrol,Automatic,1,9.81
Tata,2023,71234,1800,Petrol,Automatic,4,7.02
BMW,2018,44954,1200,Diesel,Manual,4,6.56
Volkswagen,2020,84459,3000,Diesel,Automatic,2,9.06
Ford,2019,152851,1600,Hybrid,Automatic,1,8.58
Mercedes,2023,160538,3000,Petrol,Manual,4,8.84
Audi,2013,173011,1000,Petrol,Automatic,3,1.45
BMW,2012,171342,1800,Diesel,Manual,4,1.0
Volkswagen,2018,64163,1800,Diesel,Automatic,2,8.02
Tata,2018,56934,1500,Petrol,Automatic,1,6.74
Hyundai,2019,168379,2200,Petrol,Automatic,2,5.61
Audi,2016,59098,1500,Petrol,Automatic,3,6.7
Volkswagen,2014,10486,2200,Hybrid,Manual,3,4.29
Volkswagen,2023,144407,2200,Petrol,Automatic,3,10.01
BMW,2019,91900,1600,Petrol,Automatic,2,8.73
Audi,2017,131020,1500,Petrol,Manual,4,1.94
Honda,2022,107795,1200,Petrol,Automatic,2,8.49
Ford,2014,147202,1400,Petrol,Automatic,1,5.63
Honda,2012,92508,1400,Petrol,Manual,4,1.0
Audi,2014,123324,1500,Petrol,Automatic,3,3.11
Honda,2016,65566,1500,Diesel,Automatic,2,7.13
Toyota,2014,32192,3000,Petrol,Manual,3,5.65
Tata,2012,6062,1600,Petrol,Automatic,3,3.22
Toyota,2016,89076,1500,Hybrid,Manual,1,6.24
Kia,2021,94780,3000,Diesel,Manual,4,9.57
Honda,2018,157617,2200,Petrol,Manual,1,8.54
Kia,2018,26689,1800,Petrol,Automatic,1,9.89
Hyundai,2022,16174,1800,Petrol,Automatic,1,11.62
Mercedes,2020,93461,2200,Diesel,Manual,3,7.12
Hyundai,2021,131174,2000,Hybrid,Manual,1,8.74
Audi,2021,108033,3000,Diesel,Automatic,1,11.7
Volkswagen,2023,14348,3000,Diesel,Manual,4,10.91
Tata,2024,159786,2200,Diesel,Automatic,4,10.84
Honda,2014,43102,1200,Petrol,Automatic,1,6.51
BMW,2018,79460,2500,Petrol,Automatic,4,5.0
Mercedes,2012,107634,1000,Diesel,Automatic,4,3.38
Ford,2015,94930,2200,Hybrid,Manual,1,5.24
Ford,2024,11801,1500,Petrol,Automatic,3,10.82
Ford,2015,108150,1500,Diesel,Automatic,1,6.16
Honda,2016,159697,1600,Petrol,Automatic,4,5.88
Ford,2018,6542,2200,Petrol,Manual,3,10.78
Toyota,2018,26677,1600,Petrol,Automatic,2,8.84
Mercedes,2024,44081,2200,Petrol,Manual,3,10.77
Toyota,2022,98105,3000,Diesel,Manual,4,9.31
Volkswagen,2024,24065,1000,Petrol,Manual,3,11.18
Mercedes,2015,93092,3000,Diesel,Automatic,1,7.1
Toyota,2024,59693,2500,Diesel,Automatic,2,14.59
Mercedes,2018,31962,1800,Hybrid,Automatic,2,10.02
Volkswagen,2022,33295,1400,Petrol,Automatic,2,11.0
Kia,2014,18807,2200,Petrol,Manual,4,4.35
Honda,2017,178420,2500,Petrol,Automatic,4,4.88
Honda,2023,162504,1800,Hybrid,Manual,2,10.92
Ford,2013,176334,2000,Hybrid,Automatic,3,2.52
Hyundai,2021,173152,1000,Petrol,Automatic,2,6.81
Ford,2024,137396,1600,Diesel,Automatic,3,8.63
Audi,2020,96267,1600,Petrol,Automatic,3,8.54
Toyota,2016,171981,3000,Diesel,Manual,4,4.64
Mercedes,2017,24870,1500,Petrol,Automatic,3,7.68
Hyundai,2023,170650,1800,Diesel,Automatic,2,11.67
Volkswagen,2023,31790,2000,Petrol,Automatic,4,10.0
Audi,2023,123874,2500,Diesel,Manual,1,11.87
Volkswagen,2023,30289,1000,Diesel,Automatic,1,10.66
Honda,2015,20485,1800,Diesel,Automatic,4,4.87
Honda,2022,49482,2000,Petrol,Manual,2,10.62
Ford,2021,91188,1400,Petrol,Manual,1,9.76
Toyota,2018,9748,2200,Petrol,Automatic,1,9.03
Hyundai,2023,145507,1600,Petrol,Automatic,3,8.72
Tata,2020,8709,2500,Petrol,Manual,3,6.56
Audi,2018,128961,1600,Hybrid,Manual,2,6.92
Audi,2012,35355,2500,Diesel,Manual,4,4.15
Ford,2012,149188,3000,Petrol,Manual,2,2.95
Honda,2020,161542,1500,Petrol,Automatic,4,6.61
Ford,2022,178416,2500,Petrol,Automatic,1,9.62
Mercedes,2020,47918,1600,Diesel,Automatic,3,9.21
Hyundai,2015,57224,3000,Petrol,Automatic,2,5.56
Toyota,2024,44298,2500,Hybrid,Manual,2,13.49
Kia,2020,85219,1400,Petrol,Automatic,4,7.37
BMW,2014,66629,1500,Hybrid,Automatic,4,5.62
BMW,2018,71040,2500,Hybrid,Automatic,2,8.89
Ford,2017,33016,3000,Petrol,Automatic,4,3.98
Mercedes,2019,28960,1800,Hybrid,Manual,2,10.95
Hyundai,2022,38591,1200,Petrol,Automatic,2,9.59
Tata,2020,108333,2000,Diesel,Manual,2,6.75
BMW,2016,119821,1200,Petrol,Automatic,1,7.14
Hyundai,2012,41395,1200,Hybrid,Manual,4,2.15
Toyota,2014,134695,1000,Hybrid,Manual,3,4.6
Volkswagen,2021,158772,1400,Diesel,Automatic,3,8.4
Mercedes,2023,39620,1800,Diesel,Manual,4,10.7
Honda,2019,133148,2200,Petrol,Automatic,2,5.91
Hyundai,2022,25559,2500,Petrol,Manual,3,11.03
Toyota,2017,98396,2000,Petrol,Automatic,3,6.27
Tata,2019,26732,1500,Petrol,Automatic,4,6.58
Kia,2020,96362,1800,Diesel,Automatic,3,8.2
Honda,2015,166426,1600,Petrol,Manual,2,1.21
Kia,2012,18843,2200,Hybrid,Manual,4,3.94
Tata,2012,119065,1000,Diesel,Manual,2,1.0
Toyota,2021,76726,1000,Diesel,Manual,3,6.29
BMW,2015,22640,1800,Petrol,Automatic,3,4.15
Kia,2023,57528,3000,Hybrid,Automatic,2,14.03
Honda,2018,43413,1200,Hybrid,Automatic,1,8.77
Ford,2013,57638,1600,Petrol,Automatic,3,5.38
Audi,2014,115133,1000,Diesel,Automatic,1,4.67
Hyundai,2012,111357,2000,Diesel,Automatic,3,1.0
BMW,2016,155159,1000,Petrol,Manual,1,3.55
Kia,2012,177502,1500,Petrol,Automatic,1,3.98
Volkswagen,2019,160576,2500,Petrol,Automatic,1,7.76
Hyundai,2012,143186,1000,Petrol,Automatic,2,1.4
Ford,2022,83859,1500,Petrol,Manual,1,9.75
Tata,2012,104657,1800,Petrol,Manual,1,3.43
Audi,2013,147047,1800,Petrol,Automatic,1,5.59
Toyota,2013,16023,2200,Petrol,Automatic,3,6.38
Ford,2023,26447,1000,Hybrid,Automatic,1,12.32
Ford,2017,130899,2000,Petrol,Manual,3,2.92
Tata,2018,28959,1000,Hybrid,Automatic,1,8.87
Mercedes,2016,71203,2000,Petrol,Manual,1,7.01
Tata,2012,124156,1400,Petrol,Manual,2,1.0
Mercedes,2012,165775,2200,Petrol,Manual,3,1.0
Mercedes,2014,14337,1400,Petrol,Automatic,1,7.09
BMW,2013,51427,1000,Petrol,Automatic,3,3.76
BMW,2016,66529,2200,Diesel,Manual,3,5.86
Honda,2023,107023,1400,Petrol,Automatic,4,7.77
Kia,2021,89665,1200,Diesel,Manual,2,8.06
Kia,2017,110787,1000,Diesel,Automatic,2,5.01
Toyota,2018,167993,1400,Petrol,Automatic,2,7.05
Kia,2015,38307,1200,Petrol,Automatic,4,5.41
BMW,2018,163427,1200,Diesel,Manual,4,2.27
Honda,2022,132016,1800,Petrol,Automatic,2,8.18
Honda,2019,9835,1000,Petrol,Automatic,4,5.45
Mercedes,2022,25159,1200,Hybrid,Manual,4,9.13
Tata,2012,126790,1800,Petrol,Automatic,4,1.11
Toyota,2017,110616,1400,Diesel,Manual,2,4.01
Mercedes,2019,174160,1500,Hybrid,Automatic,2,7.09
Tata,2016,83752,1000,Petrol,Manual,2,3.37
Kia,2015,60284,2200,Petrol,Automatic,4,4.66
Mercedes,2013,62043,2000,Petrol,Automatic,2,5.06
Hyundai,2017,171619,2000,Petrol,Manual,4,2.39
Kia,2017,102007,1400,Petrol,Manual,1,6.18
Tata,2022,87844,3000,Diesel,Manual,4,7.88
Toyota,2012,32532,3000,Petrol,Automatic,3,3.88
Tata,2020,170421,1400,Petrol,Manual,2,8.17
Mercedes,2023,127402,1200,Hybrid,Automatic,2,12.91
Mercedes,2022,123012,1000,Diesel,Manual,3,6.74
Ford,2017,141785,2000,Diesel,Manual,4,5.05
Toyota,2024,61178,2000,Petrol,Automatic,1,13.41
Volkswagen,2014,54407,1200,Diesel,Manual,3,2.31
Kia,2015,55990,2000,Petrol,Automatic,3,6.04
Honda,2023,134473,2200,Petrol,Automatic,4,10.58
Toyota,2022,63141,1000,Petrol,Automatic,2,8.51
Honda,2015,159865,2500,Hybrid,Automatic,4,3.43
Toyota,2014,61570,2000,Petrol,Automatic,3,5.75
Toyota,2021,173964,1400,Petrol,Manual,3,6.67
Tata,2014,6015,2200,Petrol,Manual,2,5.72
Toyota,2014,66813,2000,Petrol,Manual,2,4.77
Ford,2015,32712,2200,Diesel,Automatic,2,7.09
Volkswagen,2018,105497,1800,Diesel,Manual,4,3.6
Mercedes,2015,144487,2500,Diesel,Automatic,2,7.03
Audi,2020,117816,1600,Petrol,Automatic,3,9.11
Honda,2012,133778,1400,Petrol,Automatic,3,1.57
Mercedes,2019,67292,1400,Petrol,Automatic,1,9.11
Audi,2018,28833,1000,Petrol,Manual,4,4.01
Volkswagen,2013,140230,2200,Petrol,Automatic,1,4.79
Volkswagen,2019,25309,1200,Diesel,Automatic,3,8.84
Honda,2012,11970,1400,Petrol,Manual,1,4.11
Honda,2022,77474,2200,Petrol,Manual,3,10.14
Volkswagen,2023,51540,2200,Petrol,Automatic,1,11.54
Audi,2020,156456,1500,Petrol,Automatic,2,8.48
Toyota,2020,23017,1500,Petrol,Automatic,1,8.88
Kia,2013,80880,1600,Hybrid,Automatic,2,5.06
Hyundai,2018,110570,1800,Diesel,Automatic,2,7.06
Mercedes,2021,13702,1600,Hybrid,Automatic,4,10.71
Tata,2014,136456,2000,Petrol,Manual,2,2.64
Mercedes,2018,5404,1200,Petrol,Manual,2,7.63
Tata,2023,177015,2000,Petrol,Manual,1,10.04
Audi,2021,165261,3000,Petrol,Automatic,3,7.93
Tata,2020,17763,2000,Diesel,Automatic,4,6.55
Honda,2015,154456,1000,Petrol,Automatic,2,6.08
Kia,2023,103142,2000,Petrol,Manual,4,9.75
Kia,2012,145932,1600,Petrol,Automatic,1,1.45
Honda,2013,85642,1400,Petrol,Automatic,2,4.71
Ford,2012,55612,1400,Diesel,Automatic,1,4.0
Audi,2023,28574,1500,Petrol,Automatic,4,10.49
Ford,2016,28524,1200,Petrol,Manual,1,6.63
Ford,2016,15916,1200,Petrol,Automatic,4,4.88
Mercedes,2022,9809,1000,Petrol,Manual,1,9.97
Volkswagen,2018,168273,1600,Diesel,Manual,4,3.36
Mercedes,2020,149528,1500,Hybrid,Automatic,3,7.4
Volkswagen,2020,126288,3000,Hybrid,Automatic,1,9.56
Hyundai,2014,43765,1200,Diesel,Automatic,1,5.91
Tata,2014,170888,1400,Petrol,Automatic,3,1.5
Volkswagen,2014,50106,2000,Diesel,Automatic,3,5.81
Honda,2015,58932,2000,Petrol,Automatic,1,8.38
Mercedes,2019,153172,1500,Petrol,Automatic,3,5.9
Audi,2017,62091,1600,Diesel,Manual,2,7.14
Tata,2019,26949,1600,Petrol,Manual,4,6.87
Hyundai,2012,42744,1800,Hybrid,Manual,4,3.51
Volkswagen,2019,113319,2500,Petrol,Automatic,4,6.61
Hyundai,2015,97193,1200,Diesel,Manual,2,5.27
Audi,2022,41187,1600,Diesel,Manual,3,10.28
Ford,2012,143311,1400,Hybrid,Manual,3,1.0
Kia,2019,129454,1500,Diesel,Automatic,1,9.18
Audi,2015,19489,3000,Diesel,Manual,3,7.3
BMW,2017,66877,1800,Petrol,Automatic,1,7.13
Audi,2019,179197,2200,Petrol,Manual,2,6.46
Hyundai,2015,54922,1000,Petrol,Automatic,4,4.69
Honda,2014,99074,3000,Diesel,Manual,4,3.18
Mercedes,2020,168121,2200,Petrol,Manual,4,7.21
Honda,2014,42131,2000,Diesel,Automatic,3,8.03
Hyundai,2020,179016,1000,Petrol,Manual,1,5.71
Mercedes,2024,120765,1200,Petrol,Manual,1,9.08
BMW,2013,78963,1400,Diesel,Manual,2,4.31
Kia,2013,111884,1000,Petrol,Manual,3,2.47
Tata,2013,130917,2500,Petrol,Manual,2,2.51
Hyundai,2017,29285,2200,Petrol,Manual,1,9.25
Volkswagen,2014,42626,1200,Hybrid,Automatic,1,5.25
Hyundai,2024,178880,2500,Diesel,Automatic,4,10.01
Hyundai,2020,24198,2000,Petrol,Automatic,3,8.09
Mercedes,2015,155830,2500,Petrol,Manual,1,7.18
Toyota,2012,20254,1800,Petrol,Automatic,4,5.4
Audi,2015,49238,1800,Diesel,Manual,3,4.23
Toyota,2012,6252,1500,Diesel,Manual,2,3.38
BMW,2016,44764,3000,Petrol,Automatic,3,8.01
Volkswagen,2015,82709,3000,Petrol,Manual,3,4.07
Kia,2019,173513,1200,Petrol,Manual,1,6.08
Ford,2019,58682,2000,Diesel,Automatic,1,9.47
BMW,2018,64494,1600,Diesel,Automatic,3,5.31
Ford,2014,86317,1800,Petrol,Automatic,1,5.27
Ford,2012,70215,1200,Petrol,Automatic,1,3.06
Kia,2012,83587,1600,Petrol,Automatic,1,3.3
Honda,2023,11949,3000,Hybrid,Manual,4,13.06
Toyota,2022,60393,1500,Petrol,Manual,4,6.46
Hyundai,2014,143013,2500,Diesel,Manual,3,4.07
Tata,2017,30934,1800,Diesel,Manual,1,7.19
Ford,2018,159458,1200,Petrol,Manual,4,3.27
Volkswagen,2017,80745,1000,Petrol,Automatic,3,6.5
BMW,2017,99456,1600,Petrol,Automatic,1,7.88
Honda,2017,58413,2500,Diesel,Automatic,2,8.57
Ford,2024,102239,1800,Diesel,Manual,1,12.32
Honda,2014,47318,3000,Diesel,Automatic,1,6.67
Honda,2017,75390,2000,Petrol,Automatic,4,4.83
Ford,2019,48088,1600,Petrol,Automatic,3,6.27
Mercedes,2022,108196,3000,Hybrid,Manual,3,9.43
Audi,2022,175883,1800,Diesel,Automatic,4,11.53
Volkswagen,2013,60479,1600,Petrol,Manual,1,5.67
Hyundai,2016,24963,2500,Hybrid,Manual,2,5.96
Hyundai,2012,60123,1800,Diesel,Manual,1,2.4
Volkswagen,2023,130911,2200,Diesel,Automatic,1,11.78
Mercedes,2012,107468,1200,Diesel,Automatic,2,4.29
Hyundai,2016,78477,2500,Diesel,Manual,4,5.28
Honda,2023,19388,1600,Diesel,Manual,3,10.04
Kia,2024,10569,2000,Petrol,Automatic,4,10.71
BMW,2014,74836,3000,Petrol,Manual,4,4.14
Toyota,2015,109573,1000,Hybrid,Manual,1,5.84
Hyundai,2014,172658,3000,Petrol,Manual,3,1.0
Volkswagen,2012,148087,1600,Petrol,Automatic,3,1.4
Kia,2012,50002,3000,Petrol,Manual,4,1.23
Ford,2023,142326,1200,Petrol,Manual,2,8.71
Audi,2023,153216,1800,Diesel,Manual,4,11.74
Volkswagen,2024,160286,1000,Hybrid,Automatic,2,11.31
Honda,2016,142162,1400,Petrol,Automatic,3,3.95
Audi,2017,147709,1600,Petrol,Automatic,4,5.73
BMW,2014,158487,1500,Petrol,Manual,1,4.4
BMW,2023,29071,1400,Hybrid,Automatic,4,11.87
Mercedes,2020,63243,3000,Diesel,Manual,3,9.69
Tata,2016,130827,1600,Petrol,Automatic,1,8.21
Mercedes,2019,113215,2200,Diesel,Automatic,1,8.0
Kia,2024,177312,1500,Hybrid,Automatic,2,11.37
Audi,2012,106570,1000,Diesel,Automatic,1,3.02
Tata,2016,169506,2000,Hybrid,Automatic,1,7.28
Ford,2014,74724,2200,Petrol,Manual,4,1.67
Honda,2023,120359,1400,Diesel,Automatic,3,9.09
Audi,2012,80697,1800,Petrol,Manual,2,2.69
Mercedes,2015,33732,1200,Diesel,Automatic,4,6.41
Toyota,2024,126465,2000,Diesel,Manual,1,12.21
Tata,2016,147386,2200,Diesel,Manual,1,3.94
Tata,2018,160026,1800,Diesel,Manual,2,5.7
Honda,2012,62108,1800,Petrol,Manual,3,1.44
Hyundai,2014,116195,1600,Petrol,Automatic,2,2.57
BMW,2013,108081,2200,Hybrid,Automatic,4,3.92
BMW,2020,41668,1000,Hybrid,Manual,2,9.24
Toyota,2021,28061,3000,Petrol,Manual,1,13.63
Kia,2017,84252,1500,Petrol,Automatic,4,5.5
Kia,2021,44749,1500,Petrol,Manual,1,7.79
Ford,2014,135560,1400,Diesel,Automatic,3,2.68
Audi,2019,109680,1400,Diesel,Automatic,1,10.09
Volkswagen,2019,152979,1500,Petrol,Automatic,1,10.0
Hyundai,2013,154849,1000,Petrol,Automatic,2,1.0
Mercedes,2017,56745,1200,Diesel,Manual,1,5.25
Volkswagen,2018,113464,2500,Diesel,Automatic,4,8.51
Volkswagen,2013,96865,3000,Petrol,Manual,4,2.8
Tata,2022,117428,1200,Diesel,Manual,3,6.77
Toyota,2021,28624,1600,Petrol,Automatic,4,9.27
BMW,2013,28321,2500,Petrol,Manual,2,1.72
Ford,2021,146560,2500,Diesel,Automatic,3,8.37
Kia,2012,27574,2200,Diesel,Automatic,4,3.72
Toyota,2019,141312,1000,Hybrid,Automatic,2,9.1
Tata,2012,179293,1000,Diesel,Automatic,4,1.0
Mercedes,2020,146550,2500,Diesel,Manual,4,6.9
Ford,2022,155334,2200,Petrol,Manual,1,7.81
Tata,2017,123831,3000,Petrol,Automatic,4,5.47
BMW,2018,140504,2500,Petrol,Manual,4,4.06
BMW,2024,100257,2000,Petrol,Automatic,2,11.04
BMW,2021,69291,1400,Diesel,Automatic,2,8.89
Toyota,2018,132600,1400,Hybrid,Automatic,1,9.16
Toyota,2021,55428,1200,Petrol,Manual,4,8.25
Kia,2014,136374,1600,Petrol,Manual,1,3.36
Kia,2013,136127,1400,Diesel,Manual,4,1.23
Mercedes,2020,116317,1800,Petrol,Manual,3,5.4
Ford,2019,144789,1200,Diesel,Automatic,3,6.01
Honda,2024,132449,1400,Diesel,Manual,1,10.61
Honda,2023,33699,1600,Diesel,Manual,1,14.68
Tata,2021,78686,1000,Petrol,Manual,1,7.27
BMW,2018,72661,1000,Petrol,Automatic,2,9.22
Ford,2020,49247,3000,Diesel,Automatic,2,11.28
Volkswagen,2015,152820,2500,Diesel,Manual,2,4.69
Toyota,2024,110113,2000,Petrol,Manual,1,13.05
Audi,2015,9621,1000,Diesel,Manual,4,5.01
Hyundai,2012,151106,2200,Petrol,Manual,3,1.58
Mercedes,2019,141198,1400,Diesel,Automatic,1,8.45
BMW,2023,141194,2200,Petrol,Automatic,2,11.87
BMW,2014,23030,1600,Hybrid,Manual,2,7.63
BMW,2018,87838,1000,Petrol,Manual,1,6.4
Toyota,2023,89717,2000,Petrol,Automatic,1,9.8
Toyota,2013,43638,1600,Petrol,Automatic,2,4.37
Hyundai,2013,72067,1800,Petrol,Automatic,4,1.81
Volkswagen,2018,123033,1800,Hybrid,Manual,2,7.07
Ford,2017,110977,2200,Hybrid,Automatic,2,9.09
BMW,2014,93869,2500,Petrol,Manual,1,4.75
Honda,2020,110186,1200,Petrol,Automatic,4,6.52
Kia,2021,39674,2500,Diesel,Automatic,2,10.64
Honda,2024,171926,3000,Hybrid,Manual,2,12.11
Tata,2017,51271,2500,Diesel,Manual,3,3.53
Honda,2021,78688,3000,Petrol,Manual,1,9.24
Tata,2021,174590,3000,Petrol,Manual,3,7.2
Audi,2017,116076,2000,Diesel,Manual,3,7.04
Kia,2012,146339,1000,Petrol,Manual,2,1.0
Honda,2015,6062,2000,Diesel,Automatic,1,5.5
Audi,2021,55448,3000,Petrol,Automatic,4,10.07
Mercedes,2017,100462,1600,Diesel,Manual,2,5.64
Ford,2017,142301,1800,Petrol,Automatic,4,2.91
Audi,2022,52915,3000,Diesel,Manual,4,8.86
Ford,2023,9632,2000,Petrol,Automatic,1,12.12
Honda,2016,109592,1600,Diesel,Manual,3,3.78
Volkswagen,2012,139668,2000,Petrol,Automatic,1,1.0
Audi,2019,114779,2500,Diesel,Automatic,4,8.38
Kia,2016,142240,1400,Diesel,Automatic,2,6.78
Honda,2023,113099,2200,Diesel,Automatic,4,10.22
BMW,2023,12561,1200,Diesel,Manual,2,9.92
Toyota,2023,87152,2000,Diesel,Automatic,2,10.87
Audi,2016,130036,1200,Diesel,Manual,1,5.7
Kia,2018,129049,1500,Petrol,Manual,4,4.91
Mercedes,2015,31734,2000,Diesel,Manual,3,6.41
BMW,2017,142443,1400,Petrol,Automatic,4,3.76
Mercedes,2024,31069,1200,Petrol,Manual,4,10.02
Honda,2015,17910,3000,Petrol,Automatic,3,6.89
Toyota,2014,78479,2000,Petrol,Automatic,1,7.44
Audi,2018,86264,1000,Diesel,Automatic,4,7.07
Audi,2019,28275,2200,Diesel,Automatic,4,9.32
Volkswagen,2015,77274,1400,Diesel,Manual,2,4.92
Volkswagen,2024,105776,1200,Petrol,Manual,4,10.05
Honda,2013,53447,1400,Petrol,Manual,3,3.34
Honda,2023,170601,1600,Petrol,Manual,2,7.45
Toyota,2021,131394,2200,Petrol,Manual,1,10.48
Volkswagen,2014,80703,3000,Petrol,Manual,2,5.45
Kia,2012,81090,2000,Petrol,Manual,3,1.42
Kia,2019,22260,2000,Petrol,Automatic,3,7.57
Toyota,2014,117581,2000,Diesel,Automatic,2,5.19
Kia,2023,8812,2200,Diesel,Manual,1,12.6
Tata,2021,164096,1000,Hybrid,Automatic,2,8.92
Ford,2018,121148,1500,Hybrid,Manual,1,8.0
Toyota,2021,163357,1800,Diesel,Manual,2,9.86
Toyota,2016,121421,2500,Petrol,Automatic,3,6.54
