Feature,Importance
Year,0.7170349431075635
Mileage_km,0.0990814775588712
Owners,0.062382206643451045
Engine_CC,0.034614363232736846
Transmission_Manual,0.010792218694077815
Fuel_Type_Petrol,0.009309880539382656
Transmission_Automatic,0.008751222150909038
Fuel_Type_Hybrid,0.0068282379029372875
Brand_Toyota,0.006157223360010857
Brand_Tata,0.005445867076140059
Brand_Hyundai,0.00540485166468976
Brand_Honda,0.0052299795761683535
Brand_Audi,0.005051513835020563
Fuel_Type_Diesel,0.004801585801565134
Brand_BMW,0.004522772497923883
Brand_Ford,0.004127783599179807
Brand_Mercedes,0.0036952005172678727
Brand_Volkswagen,0.0035170880948481088
Brand_Kia,0.003251584147256209
